"fnu","area","region","comuna","sex","age","ses","phone","edu","pond","agecat","approval"
1580,1,13,13123,1,30,2,1,4,1.977,2,2
1579,1,13,13123,1,60,2,1,4,1.243,5,1
890,2,9,9110,2,28,3,9,4,0.514,2,2
871,1,9,9102,1,72,3,2,1,0.421,5,1
1031,1,10,10202,1,55,4,2,2,0.526,5,1
104,1,2,2201,1,35,3,2,3,8.956,3,2
1103,1,13,13101,2,33,2,2,4,1.083,2,2
263,1,5,5106,1,25,3,1,4,3.304,2,2
924,1,9,9201,2,73,4,2,2,0.258,5,2
105,1,2,2201,1,43,2,1,4,8.956,3,2
346,1,5,5402,1,43,4,2,3,1.347,3,3
997,1,10,10101,2,71,3,1,2,0.755,5,2
109,1,2,2301,2,77,4,2,1,0.219,5,2
698,1,8,8110,2,28,3,1,4,0.127,2,2
641,1,8,8101,2,41,3,2,4,0.764,3,2
1195,1,13,13106,2,39,4,2,4,0.517,3,1
653,1,8,8102,1,59,3,1,2,1.372,5,2
1508,1,13,13120,2,64,3,1,3,1.572,5,2
1054,1,10,10301,2,46,4,2,1,0.899,4,2
72,1,2,2101,1,29,3,2,3,3.061,2,3
1331,1,13,13113,2,73,1,1,2,1.035,5,1
1075,1,12,12101,1,79,4,1,2,0.322,5,2
416,1,6,6101,1,30,4,2,3,0.563,2,2
627,1,8,8101,1,63,1,2,4,2.457,5,2
30,1,1,1101,2,43,4,1,3,1.37,3,1
1236,1,13,13109,1,61,4,1,4,1.178,5,1
8,1,15,15101,2,57,4,2,4,0.84,5,3
1620,1,13,13125,2,52,4,2,2,0.804,4,2
864,1,9,9101,1,61,3,1,3,0.376,5,3
1073,1,11,11202,1,29,4,2,2,1.111,2,2
775,2,8,8307,1,80,4,2,1,0.772,5,3
635,1,8,8101,2,48,4,2,3,0.471,4,3
711,1,8,8110,1,21,3,1,4,0.671,1,2
345,1,5,5402,2,42,3,1,4,1.137,3,1
1586,1,13,13123,2,86,2,9,4,0.35,5,1
1002,1,10,10101,2,75,4,1,2,0.504,5,1
998,1,10,10101,1,61,5,2,1,0.248,5,1
1766,1,13,13201,2,28,2,1,4,0.41,2,1
1524,1,13,13120,2,47,1,1,4,0.513,4,1
83,1,2,2101,2,36,3,2,3,0.268,3,1
479,1,6,6301,2,19,4,2,3,0.429,1,1
750,1,8,8301,2,29,3,2,4,0.338,2,2
59,1,2,2101,2,21,3,2,4,0.716,1,2
64,1,2,2101,1,51,4,2,3,1.146,4,2
412,1,6,6101,2,33,4,2,3,0.568,2,1
1211,1,13,13106,2,54,3,1,4,0.279,4,2
1053,1,10,10301,2,49,3,1,2,1.798,4,1
235,1,5,5101,2,25,3,2,4,3.065,2,3
1635,1,13,13126,2,19,3,1,4,1.994,1,2
1278,1,13,13110,1,31,2,1,4,0.776,2,2
1196,1,13,13106,2,53,3,1,3,0.464,4,1
112,1,2,2301,1,39,3,2,3,0.29,3,1
457,1,6,6115,1,36,4,2,3,0.528,3,1
28,1,1,1101,2,75,4,2,2,0.92,5,3
1418,1,13,13117,2,70,5,2,2,0.416,5,2
719,1,8,8110,1,44,3,1,4,0.916,3,9
1657,1,13,13128,1,66,4,1,2,1.173,5,1
620,1,8,8101,1,32,4,1,3,1.428,2,1
1230,1,13,13108,1,38,5,2,2,1.129,3,2
131,1,3,3101,2,23,3,1,3,0.638,1,1
128,1,3,3101,1,44,3,1,3,1.98,3,3
856,1,9,9101,1,27,2,9,4,2.137,2,2
1824,1,13,13402,2,42,4,9,3,1.133,3,1
1557,1,13,13122,1,62,3,9,2,1.495,5,2
138,1,3,3202,2,34,2,1,3,0.973,2,1
886,1,9,9109,2,48,4,2,2,1.005,4,1
1830,1,13,13404,2,38,3,1,4,0.209,3,1
782,1,8,8312,2,62,4,1,1,0.466,5,2
1333,1,13,13113,2,46,1,1,4,0.37,4,2
1596,1,13,13124,1,48,4,2,3,2.924,4,2
717,1,8,8110,2,44,4,2,3,0.773,3,2
1585,1,13,13123,2,21,2,2,4,0.597,1,2
18,1,15,15101,2,24,3,2,3,1.343,1,3
510,1,7,7101,2,57,3,2,3,2.055,5,2
1562,1,13,13122,2,37,3,2,2,0.13,3,2
203,1,4,4302,1,58,3,2,3,0.825,5,1
1839,1,13,13501,1,59,4,1,3,0.327,5,2
1086,1,12,12101,1,24,3,9,4,0.407,1,2
1052,1,10,10301,2,45,4,1,3,1.348,4,3
1612,1,13,13125,2,53,3,1,4,0.272,4,2
1210,1,13,13106,2,31,3,1,2,1.642,2,1
1104,1,13,13101,2,21,2,1,4,1.251,1,2
1001,1,10,10101,2,43,5,2,2,0.563,3,2
1148,1,13,13103,2,52,4,2,3,0.201,4,2
1275,1,13,13110,2,47,3,1,4,1.116,4,1
1622,1,13,13125,2,29,3,1,4,2.766,2,2
947,1,14,14101,2,45,4,1,2,0.018,4,9
1823,1,13,13402,1,50,4,1,1,1.242,4,2
1219,1,13,13107,1,30,3,1,4,0.05,2,3
515,1,7,7101,2,43,4,2,2,0.387,3,1
1856,1,13,13602,1,41,4,1,3,1.309,3,2
1228,1,13,13108,2,80,5,1,3,0.427,5,2
1791,1,13,13401,1,38,2,9,4,2.173,3,1
708,1,8,8110,2,48,3,2,4,0.407,4,2
1521,1,13,13120,1,37,1,2,4,0.903,3,3
330,1,5,5201,1,70,3,1,2,0.203,5,3
68,1,2,2101,1,31,3,2,4,0.437,2,1
1069,1,11,11202,2,64,2,2,3,0.708,5,1
77,1,2,2101,1,49,2,2,3,0.779,4,1
966,2,14,14103,2,46,4,2,3,0.851,4,1
621,1,8,8101,1,33,2,2,4,0.952,2,1
1424,1,13,13117,2,54,4,1,3,0.358,4,1
1206,1,13,13106,2,26,4,2,3,0.267,2,2
1800,1,13,13401,2,78,3,9,2,1.336,5,2
1765,1,13,13201,2,48,2,1,3,0.313,4,2
1380,1,13,13114,2,42,3,2,4,0.592,3,9
1500,1,13,13120,1,35,2,2,4,0.089,3,2
1611,1,13,13125,1,33,4,9,3,0.852,2,2
409,1,6,6101,2,19,3,2,4,0.656,1,2
1420,1,13,13117,2,48,5,2,3,1.563,4,1
1598,1,13,13124,2,34,4,1,3,1.579,2,2
862,1,9,9101,1,39,1,1,4,0.505,3,1
1050,1,10,10301,1,73,4,1,3,0.884,5,2
887,1,9,9109,2,27,3,2,3,1.971,2,3
1294,1,13,13111,2,42,3,1,3,0.676,3,1
1409,1,13,13116,1,45,4,2,3,2.173,4,2
1404,2,13,13115,1,29,4,2,3,0.999,2,2
696,1,8,8110,2,77,4,1,2,0.026,5,1
1330,1,13,13113,2,37,1,1,4,0.385,3,2
1551,1,13,13122,2,40,3,1,2,0.715,3,3
601,1,7,7405,2,53,4,1,1,0.295,4,2
604,1,7,7405,1,96,4,2,1,0.387,5,3
276,1,5,5108,2,37,1,1,4,0.36,3,2
884,1,9,9109,1,19,4,2,2,0.692,1,1
1602,1,13,13124,2,60,4,1,2,1.07,5,2
1787,2,13,13303,1,56,3,2,1,1.08,5,2
239,1,5,5101,1,36,4,2,3,1.375,3,1
423,1,6,6101,1,24,2,1,4,1.457,1,1
854,1,9,9101,1,62,1,1,4,1.343,5,2
1362,1,13,13114,1,21,1,1,4,2.692,1,1
306,1,5,5109,2,27,3,2,4,0.904,2,1
1836,2,13,13404,1,37,4,2,1,0.84,3,3
226,1,5,5101,1,19,3,1,4,1.91,1,2
1003,1,10,10102,1,35,4,2,3,0.522,3,2
1028,1,10,10202,1,70,3,2,3,0.526,5,3
295,1,5,5109,2,60,2,9,4,1.223,5,2
943,1,14,14101,2,37,4,2,3,0.104,3,2
982,1,14,14202,1,51,3,2,2,0.801,4,3
704,1,8,8110,2,62,3,9,3,0.542,5,2
202,1,4,4302,1,39,4,2,2,1.107,3,1
1619,1,13,13125,2,19,4,1,3,0.911,1,2
15,1,15,15101,2,62,3,2,1,1.575,5,2
1822,1,13,13402,2,52,3,1,3,0.509,4,3
1208,1,13,13106,1,39,4,2,2,1.473,3,1
1466,1,13,13119,2,49,3,1,3,0.354,4,2
540,2,7,7106,1,54,4,2,1,0.827,4,2
455,2,6,6112,2,48,3,2,4,0.304,4,1
1860,1,13,13602,1,68,4,2,2,0.488,5,3
999,1,10,10101,1,45,4,2,2,0.925,4,2
117,1,3,3101,1,25,3,1,3,0.548,2,1
1671,1,13,13128,2,45,4,2,3,0.543,4,1
738,2,8,8203,2,48,4,2,3,0.316,4,1
766,1,8,8302,2,37,3,1,3,0.487,3,3
506,1,7,7101,2,23,3,1,4,1.752,1,2
1062,2,10,10302,1,47,4,2,2,0.638,4,1
1747,1,13,13201,2,61,4,2,1,0.393,5,1
582,2,7,7309,2,70,4,2,1,0.149,5,2
965,2,14,14103,2,56,4,2,1,0.492,5,2
301,1,5,5109,1,27,3,9,4,1.443,2,1
26,1,1,1101,2,64,4,2,2,0.92,5,2
1452,1,13,13119,2,39,4,2,3,1.492,3,2
1403,2,13,13115,2,60,2,9,3,0.345,5,1
615,1,8,8101,2,78,1,1,4,0.443,5,2
11,1,15,15101,1,30,5,1,4,1.977,2,1
963,2,14,14103,1,44,4,2,2,0.911,3,2
576,2,7,7304,2,40,4,2,2,0.486,3,1
1594,1,13,13124,2,72,4,9,2,0.637,5,2
422,1,6,6101,2,40,3,2,3,0.785,3,2
1520,1,13,13120,2,24,2,1,4,0.872,1,2
1225,1,13,13108,2,63,4,1,2,0.427,5,2
712,1,8,8110,2,31,3,2,3,0.637,2,1
1240,1,13,13109,2,39,3,2,4,0.676,3,2
326,1,5,5201,2,74,4,1,2,0.206,5,1
380,1,5,5601,2,41,3,2,3,1.326,3,2
1256,1,13,13110,1,25,2,1,4,2.639,2,2
944,1,14,14101,2,36,4,1,3,0.052,3,2
811,1,8,8406,1,53,3,1,3,1.869,4,2
1314,1,13,13112,2,39,4,1,3,0.151,3,3
534,1,7,7102,1,46,4,2,2,0.337,4,2
351,1,5,5501,1,57,3,1,3,8.782,5,3
1684,1,13,13129,2,49,5,2,3,0.109,4,2
341,2,5,5304,2,55,2,1,4,0.387,5,1
441,1,6,6106,2,34,4,2,2,0.133,2,2
1079,1,12,12101,1,52,2,2,4,0.599,4,1
480,1,6,6301,2,57,4,2,2,1.006,5,1
14,1,15,15101,1,43,4,2,2,1.042,3,3
224,1,5,5101,2,23,3,2,4,1.745,1,1
1127,1,13,13101,1,74,3,1,4,0.522,5,1
666,1,8,8103,2,48,4,1,3,1.915,4,2
425,1,6,6101,2,62,2,1,3,0.469,5,2
726,1,8,8111,2,48,4,2,1,0.573,4,1
1199,1,13,13106,2,50,3,9,3,0.232,4,3
912,2,9,9118,2,50,4,2,1,0.657,4,2
1087,1,12,12401,1,48,3,1,3,1.115,4,2
1177,1,13,13105,1,67,3,2,2,0.981,5,1
76,1,2,2101,1,48,2,2,3,0.779,4,3
1083,1,12,12101,1,33,3,9,2,0.411,2,2
514,1,7,7101,2,83,4,2,1,0.346,5,2
1425,1,13,13117,1,28,4,1,4,0.747,2,2
797,1,8,8401,2,58,1,1,4,0.058,5,3
1835,2,13,13404,2,19,3,2,4,0.912,1,2
372,2,5,5504,2,46,3,2,3,0.465,4,1
1218,1,13,13107,1,64,3,1,3,0.329,5,1
450,1,6,6109,2,49,4,9,3,0.534,4,3
1840,1,13,13501,1,66,3,1,3,0.327,5,3
1416,1,13,13116,2,47,3,1,3,0.41,4,2
1548,1,13,13122,1,41,1,1,4,1.088,3,3
1546,1,13,13122,1,70,2,1,4,1.621,5,3
1044,1,10,10301,1,85,2,2,4,0.903,5,1
1518,1,13,13120,2,52,1,1,4,3.562,4,2
1386,1,13,13114,2,22,1,1,4,1.446,1,1
1233,1,13,13109,1,34,2,1,4,3.125,2,2
860,1,9,9101,2,20,2,2,4,0.325,1,2
1601,1,13,13124,2,53,3,1,2,0.805,4,2
1288,1,13,13111,2,56,4,9,5,0.959,5,3
1695,1,13,13130,2,50,4,1,3,0.382,4,2
453,2,6,6112,2,59,3,2,4,0.293,5,1
508,1,7,7101,2,72,4,2,3,2.055,5,1
715,1,8,8110,2,46,3,1,3,0.868,4,2
1501,1,13,13120,2,71,2,1,2,1.484,5,2
1406,1,13,13116,2,25,4,2,3,1.048,2,1
1451,1,13,13119,2,51,3,2,2,0.67,4,2
852,1,9,9101,1,79,3,2,3,0.212,5,2
1688,1,13,13130,1,45,2,1,4,2.03,4,2
1852,1,13,13601,2,44,4,1,2,0.19,3,1
511,1,7,7101,2,59,3,1,4,0.173,5,1
22,1,15,15101,2,75,3,1,1,1.808,5,9
1046,1,10,10301,2,44,4,2,3,2.002,3,2
219,1,5,5101,1,77,4,2,1,1.756,5,3
865,2,9,9101,1,46,4,2,3,0.874,4,1
1679,1,13,13129,2,74,3,1,2,0.413,5,2
1859,1,13,13602,1,63,4,2,1,0.488,5,3
1812,1,13,13401,1,58,2,9,4,0.998,5,1
288,1,5,5109,2,52,3,9,3,0.449,4,2
980,1,14,14202,2,62,3,2,3,0.655,5,1
731,1,8,8202,2,54,4,2,2,0.351,4,3
959,1,14,14101,1,18,4,1,3,2.709,1,3
42,1,1,1101,1,52,4,1,2,3.27,4,2
456,2,6,6112,2,18,4,1,3,1.766,1,3
379,1,5,5601,1,24,4,2,3,2.769,1,2
70,1,2,2101,2,38,3,2,4,0.934,3,2
1674,1,13,13128,1,23,4,2,3,0.748,1,1
900,1,9,9112,2,41,3,1,3,1.658,3,2
899,1,9,9112,1,44,3,2,4,0.982,3,1
1358,1,13,13114,2,40,1,1,4,1.934,3,2
1258,1,13,13110,1,61,2,1,4,1.659,5,1
310,1,5,5109,2,56,2,2,4,0.445,5,3
700,1,8,8110,2,21,3,1,4,0.073,1,3
562,1,7,7301,1,59,4,2,3,0.359,5,1
962,2,14,14103,1,62,4,2,2,0.78,5,1
555,1,7,7301,1,62,4,1,2,0.802,5,1
753,1,8,8301,2,79,4,2,1,0.471,5,9
1811,1,13,13401,2,31,3,2,4,0.597,2,2
216,1,5,5101,2,52,3,2,2,0.294,4,2
270,1,5,5107,1,70,4,2,1,0.398,5,3
683,1,8,8108,2,63,3,1,1,0.424,5,2
192,1,4,4301,2,32,4,2,3,1.179,2,1
1078,1,12,12101,2,63,3,1,3,0.653,5,3
1205,1,13,13106,1,62,4,2,1,0.036,5,1
1746,1,13,13201,2,52,4,9,3,1.303,4,2
1866,1,13,13604,2,55,3,2,3,1.006,5,2
1479,1,13,13119,2,50,4,2,2,0.693,4,1
1654,1,13,13127,2,72,3,2,1,1.081,5,1
1026,2,10,10109,2,38,5,2,2,0.557,3,2
1006,1,10,10102,2,20,3,2,4,0.505,1,2
391,1,5,5701,1,46,4,2,2,1.038,4,2
812,1,8,8406,2,60,3,2,3,0.254,5,1
1530,1,13,13121,2,44,3,2,4,0.863,3,2
243,1,5,5101,1,80,4,2,1,0.683,5,2
612,2,7,7408,2,50,4,2,2,0.418,4,2
438,2,6,6104,1,64,4,2,2,0.785,5,2
1061,2,10,10302,1,41,2,2,4,1.037,3,1
507,1,7,7101,2,65,4,2,2,0.685,5,1
417,1,6,6101,1,60,3,1,4,0.531,5,2
581,2,7,7309,1,51,4,2,2,1.018,4,2
1477,1,13,13119,1,38,4,2,3,0.61,3,2
340,2,5,5304,2,48,3,2,3,0.401,4,2
376,1,5,5506,2,41,3,2,2,1.922,3,3
1781,1,13,13301,2,45,4,2,3,0.182,4,2
1682,1,13,13129,2,61,4,1,1,0.29,5,2
995,1,10,10101,1,33,3,2,3,1.144,2,1
525,1,7,7101,1,57,3,1,4,0.015,5,2
1402,2,13,13115,1,55,2,1,3,1.229,5,2
1686,1,13,13129,2,38,5,9,3,0.162,3,2
636,1,8,8101,2,44,4,2,2,1.399,3,2
1241,1,13,13109,2,66,2,1,3,0.907,5,2
196,2,4,4301,2,49,4,2,3,0.292,4,1
804,1,8,8401,2,62,4,1,2,0.272,5,1
1336,1,13,13113,1,52,1,1,4,0.903,4,1
911,2,9,9118,1,45,4,2,2,0.721,4,2
569,1,7,7304,2,22,4,1,4,1.035,1,3
1047,1,10,10301,2,51,4,1,4,0.674,4,1
650,1,8,8102,2,60,4,1,1,0.557,5,3
1450,1,13,13119,2,48,4,1,3,0.335,4,2
1470,1,13,13119,2,57,2,1,3,1.411,5,1
1457,1,13,13119,1,67,3,1,4,1.568,5,1
1178,1,13,13105,1,49,3,1,4,2.434,4,2
951,1,14,14101,1,62,4,2,2,0.595,5,3
291,1,5,5109,2,59,3,9,2,0.479,5,1
201,1,4,4302,1,25,4,2,4,2.626,2,1
1217,1,13,13107,1,72,3,1,3,0.329,5,1
328,1,5,5201,2,73,4,1,2,0.103,5,1
1851,1,13,13601,1,72,3,1,2,0.067,5,1
191,1,4,4301,2,35,4,9,4,0.893,3,2
918,1,9,9119,2,19,3,2,4,0.429,1,1
870,2,9,9101,2,50,4,2,3,0.531,4,2
1422,1,13,13117,1,71,4,1,2,0.82,5,2
52,1,2,2101,2,68,3,1,1,0.251,5,3
1626,1,13,13125,2,66,3,2,1,1.25,5,3
1246,1,13,13110,1,63,3,9,4,0.661,5,1
839,1,9,9101,2,71,4,1,2,0.333,5,2
74,1,2,2101,1,36,2,2,3,1.122,3,3
355,1,5,5502,1,40,3,2,3,0.37,3,3
1154,1,13,13103,1,55,4,1,3,0.454,5,2
1167,1,13,13104,2,23,4,1,3,1.022,1,2
933,2,9,9204,1,63,4,2,1,0.478,5,2
1858,1,13,13602,1,62,4,2,2,0.244,5,1
1186,1,13,13105,1,47,3,1,3,1.722,4,2
1770,1,13,13201,2,52,2,9,4,0.209,4,2
1041,1,10,10301,2,27,2,1,4,2.701,2,1
287,1,5,5109,1,60,3,1,2,0.785,5,3
413,1,6,6101,1,67,3,2,1,0.379,5,2
1543,1,13,13122,1,31,1,1,4,2.579,2,1
1564,1,13,13122,1,67,3,1,3,0.057,5,2
1385,1,13,13114,1,39,1,1,4,1.122,3,2
1238,1,13,13109,1,47,2,1,4,1.111,4,2
384,1,5,5601,2,41,3,1,4,0.663,3,2
69,1,2,2101,2,25,3,2,4,0.411,2,1
1717,1,13,13201,1,52,4,1,3,0.271,4,2
266,1,5,5107,1,32,2,2,3,1.267,2,2
127,1,3,3101,2,46,3,1,2,0.563,4,9
958,1,14,14101,1,51,4,2,2,2.559,4,2
736,2,8,8203,2,61,3,2,3,0.304,5,1
800,1,8,8401,2,62,4,2,2,0.272,5,2
898,1,9,9112,1,37,4,2,2,0.982,3,3
1082,1,12,12101,2,65,5,2,1,0.262,5,2
299,1,5,5109,2,49,2,9,4,0.307,4,2
1084,1,12,12101,2,28,4,2,2,0.773,2,3
1698,1,13,13130,1,78,4,1,2,0.5,5,3
1499,1,13,13120,1,69,2,9,3,0.166,5,2
1819,1,13,13402,2,56,3,2,2,0.676,5,2
302,1,5,5109,1,27,3,2,4,0.962,2,1
1376,1,13,13114,1,33,3,2,3,0.554,2,1
75,1,2,2101,1,38,2,9,5,0.281,3,3
1494,1,13,13119,1,23,3,1,4,4.35,1,1
233,1,5,5101,2,37,2,2,4,1.658,3,2
454,2,6,6112,1,44,4,9,1,1.221,3,1
247,1,5,5103,2,43,4,2,3,0.819,3,2
1076,1,12,12101,1,55,3,1,4,0.966,5,1
99,1,2,2201,2,70,2,1,1,0.891,5,2
1124,1,13,13101,1,24,3,1,4,1.235,1,2
687,1,8,8108,2,42,2,1,4,0.284,3,2
564,1,7,7301,1,70,4,2,2,0.717,5,3
1449,1,13,13119,2,24,4,2,4,1.139,1,3
1734,1,13,13201,1,40,3,1,3,0.706,3,9
1007,1,10,10102,1,40,5,2,3,0.784,3,2
1774,1,13,13203,1,62,3,2,2,1.307,5,2
303,1,5,5109,1,27,3,9,4,0.962,2,3
1401,2,13,13115,2,33,3,1,3,0.528,2,2
309,1,5,5109,1,26,2,2,4,2.095,2,2
574,2,7,7304,2,67,4,2,1,0.443,5,9
1758,1,13,13201,1,51,3,1,2,1.038,4,1
725,1,8,8111,2,54,4,2,2,0.764,4,2
803,1,8,8401,1,88,4,2,3,1.072,5,2
713,1,8,8110,2,24,3,1,4,0.736,1,2
1085,1,12,12101,1,24,5,1,2,1.222,1,2
538,2,7,7106,2,48,4,2,3,0.503,4,2
1528,1,13,13121,2,70,4,2,2,2.318,5,2
264,1,5,5106,1,28,3,1,4,1.321,2,2
516,1,7,7101,2,75,3,1,2,0.346,5,2
1542,1,13,13121,2,75,3,1,2,1.654,5,2
1116,1,13,13101,1,80,2,9,4,0.823,5,1
1216,1,13,13107,2,28,3,1,4,0.737,2,2
1204,1,13,13106,2,48,4,2,2,0.054,4,2
850,1,9,9101,2,42,4,2,3,0.481,3,3
344,1,5,5402,2,41,2,2,4,1.137,3,2
1020,1,10,10109,1,62,4,2,2,0.254,5,1
1266,1,13,13110,2,58,4,2,3,0.958,5,2
1270,1,13,13110,1,60,3,1,1,0.843,5,2
1478,1,13,13119,1,46,4,1,4,0.847,4,2
1464,1,13,13119,2,27,4,2,2,0.978,2,2
917,1,9,9119,2,45,3,2,4,0.378,4,1
475,1,6,6301,1,34,4,2,2,1.578,2,1
339,2,5,5304,2,69,4,2,3,0.967,5,3
1617,1,13,13125,2,51,4,1,3,0.536,4,2
1685,1,13,13129,1,69,3,9,2,0.286,5,2
1645,1,13,13127,2,40,3,2,4,2.013,3,2
88,1,2,2101,1,48,3,2,2,4.741,4,3
1740,1,13,13201,2,62,3,1,4,0.86,5,2
107,1,2,2201,2,42,2,1,4,7.561,3,2
617,1,8,8101,2,67,1,1,3,0.443,5,1
25,1,1,1101,1,61,4,2,2,0.907,5,2
953,1,14,14101,2,63,4,2,2,0.402,5,2
866,2,9,9101,2,81,4,2,2,0.171,5,1
1253,1,13,13110,1,44,3,2,4,0.421,3,1
984,1,14,14202,2,59,3,2,2,0.218,5,2
505,1,7,7101,2,73,3,2,3,1.37,5,1
630,1,8,8101,1,21,1,1,4,2.324,1,1
1433,1,13,13118,2,18,3,2,4,0.923,1,2
1267,1,13,13110,1,25,4,9,3,1.341,2,1
1741,1,13,13201,2,39,4,9,2,0.968,3,2
799,1,8,8401,2,78,5,2,1,0.544,5,3
1833,2,13,13404,2,40,2,2,4,0.497,3,2
519,1,7,7101,2,51,4,2,3,1.288,4,2
408,2,5,5704,2,20,4,2,2,0.569,1,3
1319,1,13,13112,2,27,3,1,3,1.314,2,2
647,2,8,8101,2,58,3,2,4,0.656,5,1
392,1,5,5701,2,34,3,2,4,1.251,2,2
1151,1,13,13103,2,60,4,2,2,1.335,5,2
1375,1,13,13114,2,45,3,9,3,0.664,4,2
1475,1,13,13119,1,23,4,2,3,1.538,1,3
1157,1,13,13103,1,70,4,2,3,0.227,5,2
1857,1,13,13602,1,65,4,1,1,0.732,5,3
706,1,8,8110,2,18,3,1,3,0.924,1,2
383,1,5,5601,1,50,3,1,4,1.09,4,1
267,1,5,5107,2,83,2,1,1,0.404,5,1
390,1,5,5602,2,42,3,1,3,2.035,3,2
1165,1,13,13104,1,38,4,1,4,1.058,3,2
73,1,2,2101,1,18,2,2,3,0.989,1,1
1344,1,13,13113,1,70,2,1,2,0.576,5,2
1038,2,10,10205,1,39,4,2,2,0.911,3,2
436,2,6,6104,1,68,4,2,1,0.785,5,2
1838,1,13,13501,2,73,3,1,3,0.332,5,2
527,1,7,7101,2,65,3,1,4,0.015,5,2
1156,1,13,13103,1,38,4,9,3,0.61,3,2
1153,1,13,13103,1,75,4,1,3,0.454,5,1
1480,1,13,13119,1,58,4,2,2,0.455,5,2
1067,2,10,10306,2,55,4,2,2,0.439,5,2
1221,1,13,13107,2,47,4,1,2,0.036,4,2
675,1,8,8107,2,58,3,2,1,1.41,5,2
849,1,9,9101,2,73,4,1,3,0.215,5,1
1060,2,10,10302,1,63,2,2,3,0.887,5,1
838,1,9,9101,2,82,4,1,2,1,5,3
746,1,8,8301,1,44,3,1,3,0.606,3,2
1591,1,13,13124,2,54,4,1,3,1.198,4,1
649,1,8,8102,2,65,4,1,1,1.392,5,2
1627,1,13,13126,2,39,3,1,4,0.303,3,2
31,1,1,1101,1,25,3,2,4,2.032,2,1
1051,1,10,10301,2,66,3,1,2,1.195,5,3
748,1,8,8301,2,20,3,2,4,0.391,1,2
688,1,8,8108,2,38,2,1,4,0.568,3,2
289,1,5,5109,2,46,3,9,3,0.54,4,3
1535,1,13,13121,1,82,4,2,1,0.529,5,3
557,1,7,7301,2,42,4,2,1,0.606,3,2
1264,1,13,13110,2,51,4,2,2,0.721,4,2
861,1,9,9101,2,36,2,2,4,0.426,3,2
960,1,14,14101,2,61,3,2,2,0.697,5,2
1400,2,13,13115,1,46,4,2,2,1.472,4,2
212,1,5,5101,1,56,3,1,3,0.514,5,2
1757,1,13,13201,2,51,4,1,2,0.213,4,1
1410,1,13,13116,2,80,3,1,2,0.474,5,2
432,1,6,6101,2,75,3,2,1,0.733,5,1
509,1,7,7101,2,60,3,2,3,3.425,5,1
1693,1,13,13130,2,79,4,1,2,0.254,5,2
1045,1,10,10301,2,45,4,2,2,0.337,4,2
1697,1,13,13130,2,58,4,2,2,0.508,5,2
1469,1,13,13119,2,47,4,2,3,0.884,4,3
1568,1,13,13123,1,19,2,1,4,4.676,1,2
1414,1,13,13116,1,41,3,1,4,0.721,3,2
777,2,8,8307,1,48,4,2,2,0.554,4,2
1008,1,10,10102,1,64,4,1,2,0.584,5,2
244,1,5,5101,2,38,3,2,3,1.548,3,2
1081,1,12,12101,2,47,5,2,2,0.197,4,2
1692,1,13,13130,2,51,2,1,4,0.624,4,3
1615,1,13,13125,2,52,4,2,4,0.804,4,9
1332,1,13,13113,2,57,1,1,4,0.69,5,2
452,2,6,6112,1,59,4,2,2,0.697,5,1
940,1,9,9211,1,74,4,2,1,0.53,5,1
1525,1,13,13121,2,67,4,1,2,1.159,5,2
1599,1,13,13124,2,58,4,1,3,1.07,5,2
686,1,8,8108,1,60,2,1,3,0.752,5,3
930,1,9,9203,2,61,3,1,4,0.928,5,1
681,1,8,8108,1,39,3,1,3,0.561,3,2
916,1,9,9119,2,45,3,2,3,0.378,4,1
418,1,6,6101,1,58,3,1,2,0.354,5,2
813,1,8,8406,2,69,1,1,3,0.254,5,3
580,2,7,7309,2,41,4,2,2,0.49,3,2
396,1,5,5701,2,84,5,2,1,0.283,5,1
1590,1,13,13123,1,30,1,9,4,0.549,2,2
707,1,8,8110,2,65,3,9,4,0.813,5,2
533,1,7,7102,1,52,4,2,2,0.337,4,1
1436,1,13,13118,2,18,3,2,3,1.449,1,2
1429,1,13,13118,1,32,3,2,4,2.265,2,2
611,2,7,7408,2,66,4,2,1,0.537,5,3
1014,2,10,10102,2,55,5,2,2,0.35,5,1
739,1,8,8205,1,59,4,2,2,0.909,5,2
1159,1,13,13104,2,60,4,2,2,1.619,5,2
1710,1,13,13132,1,56,1,1,4,1.289,5,1
845,1,9,9101,2,45,4,2,2,0.365,4,3
232,1,5,5101,2,31,2,2,4,2.19,2,2
1391,1,13,13115,2,20,1,9,4,1.645,1,2
419,1,6,6101,1,51,3,1,3,0.659,4,1
382,1,5,5601,1,39,3,1,2,2.357,3,1
1668,1,13,13128,1,81,4,1,2,0.905,5,1
430,1,6,6101,1,30,2,1,4,1.832,2,1
1027,1,10,10202,1,48,3,2,4,1.958,4,3
1826,1,13,13404,1,45,2,1,4,0.344,4,2
389,1,5,5602,1,49,3,1,2,1.672,4,1
373,1,5,5506,1,67,4,2,2,0.848,5,1
1318,1,13,13112,2,50,3,9,3,0.223,4,2
1440,1,13,13118,2,37,2,9,4,0.633,3,3
1728,1,13,13201,1,35,3,2,4,3.637,3,9
1507,1,13,13120,2,68,3,1,3,0.629,5,2
1308,1,13,13112,2,72,3,2,1,0.237,5,1
761,2,8,8301,2,36,4,9,3,0.543,3,2
1202,1,13,13106,2,53,4,1,3,0.027,4,2
4,1,15,15101,2,47,4,1,3,1.046,4,2
1383,1,13,13114,1,52,1,1,4,3.114,4,2
335,1,5,5301,1,57,3,1,3,0.781,5,2
550,2,7,7201,2,45,4,2,2,0.637,4,2
573,2,7,7304,2,46,4,2,2,0.766,4,2
1752,1,13,13201,1,55,3,1,4,1.164,5,2
348,1,5,5402,2,35,3,2,3,1.137,3,2
1751,1,13,13201,2,43,4,2,4,1.318,3,2
600,2,7,7404,2,66,4,2,1,0.143,5,3
1016,1,10,10109,2,40,4,9,2,0.288,3,3
1291,1,13,13111,2,79,3,1,2,0.303,5,2
1863,1,13,13604,1,31,4,2,2,2.762,2,1
1806,1,13,13401,2,32,4,9,4,0.487,2,1
1675,1,13,13129,2,24,2,1,4,0.352,1,1
1561,1,13,13122,1,66,4,1,3,0.171,5,2
1553,1,13,13122,2,63,3,2,1,0.961,5,1
1706,1,13,13132,1,64,1,1,4,2.577,5,1
255,1,5,5106,2,49,2,1,3,0.95,4,1
730,1,8,8202,2,38,4,2,2,0.348,3,1
1439,1,13,13118,2,45,2,1,4,0.213,4,2
1492,1,13,13119,1,34,3,1,3,4.389,2,2
1783,2,13,13303,2,34,2,1,4,0.928,2,3
1855,1,13,13602,2,27,4,2,3,1.46,2,2
1198,1,13,13106,2,46,4,2,3,0.348,4,2
1324,1,13,13112,2,56,4,2,1,1.272,5,2
526,1,7,7101,2,57,2,1,4,0.022,5,2
673,1,8,8107,2,59,4,2,1,0.705,5,3
96,1,2,2102,2,69,3,2,2,0.231,5,1
1110,1,13,13101,1,22,3,1,4,1.803,1,2
1107,1,13,13101,1,65,3,2,3,0.381,5,2
1024,2,10,10109,1,29,4,9,2,1.966,2,3
1193,1,13,13105,1,30,2,1,4,1.552,2,2
836,1,9,9101,1,68,4,1,2,0.329,5,1
1832,2,13,13404,2,54,4,2,2,0.628,4,2
837,1,9,9101,2,24,4,1,3,0.852,1,2
414,1,6,6101,2,76,3,1,2,1.154,5,2
103,1,2,2201,1,56,2,1,4,6.674,5,2
981,1,14,14202,2,58,3,2,3,0.218,5,2
1343,1,13,13113,2,38,2,1,4,0.326,3,2
594,1,7,7401,1,32,3,2,3,1.424,2,1
1534,1,13,13121,2,33,4,9,3,0.791,2,1
1629,1,13,13126,1,74,5,2,4,0.267,5,1
49,1,2,2101,2,53,3,1,2,1.132,4,2
633,1,8,8101,2,52,3,1,3,1.177,4,2
556,1,7,7301,2,62,4,1,2,0.813,5,1
561,1,7,7301,1,56,4,1,3,1.076,5,2
814,1,8,8406,1,40,3,1,4,0.673,3,2
136,1,3,3202,2,46,3,1,3,0.496,4,3
1413,1,13,13116,2,84,3,1,2,0.545,5,2
1037,2,10,10205,2,58,5,2,2,0.328,5,1
859,1,9,9101,2,52,2,1,4,0.287,4,2
118,1,3,3101,2,71,3,1,2,0.349,5,1
613,1,8,8101,1,37,2,1,4,1.759,3,1
1118,1,13,13101,2,23,3,2,3,0.623,1,2
1456,1,13,13119,2,36,3,1,4,1.184,3,2
86,1,2,2101,1,49,3,2,3,3.161,4,1
1399,2,13,13115,2,38,3,2,3,0.85,3,1
1408,1,13,13116,1,18,4,1,3,1.104,1,2
1644,1,13,13127,2,65,4,1,2,0.758,5,2
316,1,5,5109,1,72,3,1,2,1.39,5,2
1694,1,13,13130,1,55,4,1,3,0.751,5,2
1572,1,13,13123,2,46,2,1,4,1.508,4,2
1696,1,13,13130,2,55,4,1,4,0.761,5,2
1412,1,13,13116,2,63,4,1,2,0.545,5,2
868,2,9,9101,1,44,4,2,3,1.421,3,3
1302,1,13,13111,1,20,3,1,4,1.136,1,1
211,1,5,5101,2,53,1,1,3,0.981,4,1
1244,1,13,13110,2,64,2,9,4,1.34,5,2
1396,1,13,13115,2,49,4,1,3,0.945,4,2
793,1,8,8401,1,53,1,1,4,0.212,4,1
657,1,8,8102,1,44,3,1,3,1.768,3,2
388,1,5,5602,2,74,3,1,2,0.607,5,1
357,1,5,5502,1,70,3,1,3,0.552,5,1
1467,1,13,13119,2,50,1,1,4,0.354,4,2
1284,1,13,13110,2,45,2,2,4,0.577,4,2
1722,1,13,13201,1,22,3,1,3,0.46,1,3
1616,1,13,13125,1,40,4,1,4,0.943,3,3
84,1,2,2101,2,29,3,2,2,0.177,2,1
1444,1,13,13119,2,64,2,1,4,1.705,5,2
1013,2,10,10102,2,55,4,2,1,0.7,5,2
674,1,8,8107,2,40,4,1,3,1.181,3,1
723,1,8,8111,2,62,4,1,4,0.508,5,1
610,2,7,7408,2,46,4,2,3,0.139,4,2
242,1,5,5101,2,54,4,2,2,1.042,4,2
579,2,7,7309,1,30,3,2,3,1.295,2,2
406,2,5,5704,1,52,4,2,1,0.108,4,2
810,2,8,8401,1,37,2,2,4,0.869,3,3
1066,2,10,10306,1,47,5,2,2,1.126,4,2
1614,1,13,13125,2,58,3,1,2,0.362,5,9
1662,1,13,13128,1,64,4,1,3,0.335,5,3
370,2,5,5504,1,53,3,2,3,1.021,4,1
648,2,8,8101,1,42,4,2,2,1.823,3,2
369,2,5,5504,2,48,3,2,3,0.465,4,2
497,2,6,6306,1,82,5,2,1,0.349,5,2
923,1,9,9201,1,46,4,2,2,1.42,4,3
1724,1,13,13201,2,47,3,1,4,2.067,4,2
23,1,15,15101,1,24,3,2,4,1.405,1,1
834,2,8,8416,1,45,3,9,4,0.816,4,1
914,1,9,9119,1,72,3,2,2,0.992,5,3
102,1,2,2201,2,56,2,1,3,0.594,5,2
1091,1,12,12401,2,48,3,2,3,0.913,4,3
1828,1,13,13404,1,48,3,1,3,0.229,4,1
656,1,8,8102,1,51,3,2,2,1.635,4,2
1349,1,13,13114,1,34,2,9,4,0.952,2,1
987,1,10,10101,2,80,2,2,3,0.577,5,1
1678,1,13,13129,1,68,3,1,2,0.509,5,1
931,2,9,9204,1,61,4,2,3,0.955,5,3
599,2,7,7404,2,58,4,2,2,0.286,5,2
337,2,5,5304,1,68,4,2,3,0.92,5,3
815,1,8,8406,2,75,4,2,2,0.254,5,1
652,1,8,8102,2,33,3,1,3,0.821,2,2
45,1,1,1101,1,43,4,1,3,2.876,3,2
1631,1,13,13126,1,68,3,9,4,1.337,5,1
835,1,9,9101,2,18,4,2,3,1.136,1,2
55,1,2,2101,2,27,4,2,3,1.859,2,1
1305,1,13,13112,2,61,3,9,2,0.95,5,2
470,2,6,6117,2,53,4,2,3,0.173,4,2
1831,2,13,13404,2,59,1,1,4,0.303,5,3
796,1,8,8401,2,79,2,1,4,0.029,5,1
1610,1,13,13125,2,34,4,1,4,0.534,2,1
1283,1,13,13110,2,78,2,1,4,0.384,5,2
483,2,6,6301,2,47,4,2,2,0.867,4,2
387,1,5,5602,2,75,3,1,2,0.911,5,1
1699,1,13,13131,2,68,4,1,2,0.253,5,3
1290,1,13,13111,2,50,3,1,3,1.442,4,3
1313,1,13,13112,2,41,4,1,4,0.227,3,3
1779,1,13,13301,1,50,4,2,2,0.891,4,2
359,1,5,5502,1,66,3,1,2,0.552,5,2
1395,1,13,13115,1,20,4,2,3,1.955,1,2
323,1,5,5109,1,61,3,1,2,0.483,5,2
489,1,6,6303,2,68,5,9,1,0.265,5,3
1300,1,13,13111,2,31,4,2,3,0.539,2,3
1201,1,13,13106,1,62,4,2,2,0.143,5,2
1423,1,13,13117,2,63,4,1,2,0.476,5,2
832,2,8,8416,2,64,4,9,2,0.478,5,2
1394,1,13,13115,2,72,4,9,2,0.838,5,1
977,2,14,14201,2,40,4,2,2,1.135,3,1
122,1,3,3101,1,60,5,2,3,0.439,5,2
1536,1,13,13121,2,59,4,9,3,0.536,5,2
1134,1,13,13101,1,52,3,9,3,2.121,4,2
1341,1,13,13113,1,64,3,2,2,0.576,5,2
950,1,14,14101,1,73,4,2,2,0.595,5,2
809,2,8,8401,1,76,5,2,1,0.372,5,1
1613,1,13,13125,1,28,3,1,4,0.852,2,1
1639,1,13,13127,1,72,4,1,2,1.121,5,2
468,1,6,6117,1,49,4,1,3,0.393,4,1
1012,2,10,10102,2,58,4,2,1,1.05,5,2
197,2,4,4301,2,60,5,2,5,0.281,5,1
113,1,2,2301,2,44,3,1,4,0.489,3,2
257,1,5,5106,1,51,3,1,3,2.319,4,2
65,1,2,2101,2,31,3,2,3,0.46,2,3
1862,1,13,13604,1,69,4,2,4,0.496,5,3
742,1,8,8205,1,60,4,2,1,0.909,5,3
1817,1,13,13401,1,45,2,9,3,0.321,4,1
983,1,14,14202,2,39,3,2,4,0.731,3,1
658,1,8,8102,2,25,3,1,4,1.971,2,2
598,2,7,7404,1,54,5,2,2,0.244,4,2
733,2,8,8203,2,56,4,2,2,0.456,5,1
913,1,9,9119,1,42,4,2,1,0.999,3,3
261,1,5,5106,2,49,2,1,4,0.95,4,3
214,1,5,5101,1,69,1,1,4,0.257,5,2
842,1,9,9101,1,65,3,1,2,0.718,5,3
618,1,8,8101,1,40,1,1,4,1.173,3,2
317,1,5,5109,2,67,2,1,3,1.41,5,1
1117,1,13,13101,2,52,4,2,3,0.55,4,2
548,2,7,7201,2,77,4,2,2,0.409,5,2
6,1,15,15101,2,66,4,2,2,0.557,5,1
5,1,15,15101,2,45,4,2,3,0.419,4,1
401,1,5,5702,1,76,5,2,1,0.488,5,3
1809,1,13,13401,1,71,3,9,3,0.2,5,3
1297,1,13,13111,2,36,4,2,3,1.224,3,2
524,1,7,7101,1,61,2,1,4,0.022,5,2
597,2,7,7404,2,68,4,2,1,0.286,5,2
1443,1,13,13119,2,46,3,2,4,2.565,4,2
1848,2,13,13504,2,63,3,9,2,0.426,5,1
532,1,7,7102,2,37,4,2,2,0.307,3,2
549,2,7,7201,2,69,4,2,2,0.409,5,2
622,1,8,8101,2,37,2,1,4,0.678,3,1
1720,1,13,13201,1,48,3,1,3,0.181,4,2
1059,2,10,10302,1,62,5,2,3,0.444,5,1
1661,1,13,13128,2,86,4,1,2,0.51,5,1
1504,1,13,13120,1,52,1,9,4,6.812,4,3
831,2,8,8416,1,61,4,2,1,1.514,5,2
367,2,5,5504,2,61,3,2,2,0.299,5,1
1589,1,13,13123,1,20,1,1,4,1.088,1,1
322,1,5,5109,2,60,3,1,2,0.49,5,2
816,1,8,8406,2,85,3,2,1,0.509,5,3
985,1,10,10101,1,83,2,1,3,1.137,5,1
578,2,7,7309,1,83,5,2,1,0.354,5,2
386,1,5,5602,2,38,3,2,3,0.339,3,2
949,1,14,14101,2,68,4,2,2,0.201,5,2
1750,1,13,13201,1,56,3,1,2,0.776,5,2
1541,1,13,13121,2,40,3,9,3,1.848,3,2
208,2,4,4304,2,64,4,2,2,0.506,5,1
1074,1,11,11202,1,42,4,2,2,0.937,3,1
13,1,15,15101,2,44,3,2,4,0.88,3,3
1194,1,13,13105,2,58,2,1,3,0.99,5,1
320,1,5,5109,2,46,3,2,3,0.737,4,2
808,2,8,8401,2,45,3,2,2,0.325,4,1
560,1,7,7301,2,32,4,2,1,0.537,2,1
1243,1,13,13110,1,56,2,1,4,0.991,5,2
405,2,5,5704,1,46,3,9,3,0.43,4,1
1861,1,13,13604,2,65,3,1,2,0.503,5,2
737,2,8,8203,1,62,4,2,2,1.447,5,2
447,1,6,6109,2,81,3,1,2,0.71,5,1
487,1,6,6303,1,50,4,2,2,0.973,4,2
47,1,1,1101,1,49,3,1,3,1.596,4,2
1340,1,13,13113,2,59,3,1,3,0.584,5,3
1022,2,10,10109,2,64,4,2,3,0.339,5,1
1250,1,13,13110,1,64,3,2,3,0.941,5,1
32,1,1,1101,1,46,3,2,4,1.585,4,2
1393,1,13,13115,2,67,4,2,2,0.838,5,1
1121,1,13,13101,1,66,3,2,4,0.24,5,1
53,1,2,2101,2,54,3,2,2,0.943,4,1
271,1,5,5108,1,25,2,1,4,2.025,2,2
572,2,7,7304,1,68,4,2,2,0.702,5,3
1522,1,13,13120,2,50,2,9,4,0.769,4,1
111,1,2,2301,1,47,5,2,2,0.402,4,2
1372,1,13,13114,1,35,1,9,4,2.741,3,2
976,2,14,14201,2,70,4,2,1,0.46,5,1
1034,2,10,10205,1,48,4,2,2,0.28,4,2
129,1,3,3101,2,69,3,1,2,0.748,5,1
237,1,5,5101,2,49,2,1,4,0.391,4,3
1719,1,13,13201,1,70,3,1,2,0.194,5,1
1011,2,10,10102,1,44,4,2,2,0.973,3,1
903,2,9,9112,2,52,4,2,2,0.683,4,2
368,2,5,5504,2,44,3,2,3,0.491,3,2
1865,1,13,13604,1,75,3,2,1,0.744,5,3
926,1,9,9203,1,67,4,2,2,0.915,5,3
1754,1,13,13201,2,24,3,1,4,0.723,1,2
1763,1,13,13201,2,81,4,2,1,0.289,5,2
1303,1,13,13112,2,58,3,1,2,0.95,5,3
80,1,2,2101,1,55,3,1,4,0.237,5,3
465,1,6,6117,2,69,4,2,2,0.107,5,2
63,1,2,2101,2,31,3,2,4,0.921,2,3
97,1,2,2201,2,76,3,1,3,0.891,5,1
906,2,9,9112,1,44,4,2,2,1.37,3,2
93,1,2,2102,1,49,3,1,3,1.698,4,3
1532,1,13,13121,2,56,4,1,2,1.072,5,2
1169,1,13,13104,2,55,4,1,2,1.599,5,1
3,1,15,15101,1,39,3,1,3,1.105,3,1
253,1,5,5106,1,51,3,1,4,3.092,4,3
1329,1,13,13113,2,68,1,1,4,0.69,5,2
521,1,7,7101,1,37,3,2,2,0.906,3,2
1778,1,13,13301,2,41,4,1,2,1.084,3,2
1474,1,13,13119,1,32,4,1,3,1.552,2,2
385,1,5,5602,1,64,3,2,3,0.599,5,1
426,1,6,6101,2,47,3,2,3,0.881,4,3
975,2,14,14201,1,48,4,2,1,1.573,4,1
1640,1,13,13127,2,64,3,1,2,1.137,5,2
1540,1,13,13121,2,61,3,9,2,1.103,5,1
1030,1,10,10202,1,38,3,1,3,0.705,3,1
554,1,7,7301,2,38,4,2,3,0.908,3,2
1764,1,13,13201,2,45,3,1,1,0.217,4,2
1799,1,13,13401,2,83,2,9,3,0.445,5,2
215,1,5,5101,1,68,4,2,3,0.386,5,1
971,1,14,14107,2,55,4,2,1,1.043,5,1
1652,1,13,13127,2,27,4,1,3,1.195,2,2
806,2,8,8401,2,50,4,2,3,0.325,4,1
544,1,7,7201,2,40,4,2,2,0.904,3,2
1188,1,13,13105,1,60,3,1,2,1.233,5,3
1158,1,13,13103,1,82,4,2,2,0.908,5,2
1115,1,13,13101,2,49,2,9,4,0.628,4,1
258,1,5,5106,2,53,4,2,2,0.95,4,1
1328,1,13,13113,2,37,1,1,4,0.771,3,2
366,1,5,5504,2,56,3,1,3,2.12,5,2
307,1,5,5109,1,58,3,2,4,0.439,5,3
1588,1,13,13123,1,26,1,9,4,2.196,2,1
1351,1,13,13114,1,62,1,1,4,0.757,5,1
269,1,5,5107,1,55,3,2,3,0.398,5,2
789,1,8,8401,2,41,3,2,3,1.019,3,2
1651,1,13,13127,2,73,4,1,2,0.81,5,2
1749,1,13,13201,1,53,3,1,3,2.888,4,1
625,1,8,8101,2,79,2,1,4,0.997,5,1
1090,1,12,12401,2,56,2,2,4,1.214,5,2
35,1,1,1101,2,71,3,1,2,0.864,5,1
595,2,7,7404,2,53,4,1,2,0.445,4,2
1064,2,10,10306,1,50,3,2,3,1.502,4,1
1523,1,13,13120,1,43,1,1,4,0.903,3,2
1472,1,13,13119,2,42,3,1,4,1.658,3,3
1058,2,10,10302,2,63,5,2,3,0.187,5,1
94,1,2,2102,1,68,3,1,3,0.228,5,2
207,2,4,4304,1,64,4,2,2,4.815,5,3
1814,1,13,13401,2,66,3,9,1,0.262,5,1
1021,2,10,10109,2,76,5,9,2,0.339,5,1
1539,1,13,13121,2,18,3,9,4,1.88,1,2
1152,1,13,13103,2,45,4,2,3,0.402,4,2
195,2,4,4301,2,70,5,9,2,0.703,5,1
194,2,4,4301,2,63,5,9,3,0.281,5,1
588,1,7,7401,2,71,3,9,2,0.458,5,1
678,1,8,8107,1,49,4,2,3,0.647,4,2
1753,1,13,13201,1,43,3,1,4,1.122,3,2
1248,1,13,13110,1,34,2,9,4,1.051,2,1
34,1,1,1101,1,19,3,1,3,1.343,1,1
1282,1,13,13110,2,78,2,1,3,0.384,5,1
1360,1,13,13114,1,39,1,9,4,1.528,3,1
1718,1,13,13201,1,54,3,1,4,0.362,4,2
473,2,6,6117,1,69,4,2,2,0.794,5,2
740,1,8,8205,2,62,4,2,2,1.383,5,2
1531,1,13,13121,2,81,4,1,2,0.536,5,2
1663,1,13,13128,1,44,4,1,4,0.911,3,1
547,2,7,7201,2,74,4,2,1,0.818,5,1
1659,1,13,13128,1,61,4,2,2,0.838,5,1
1364,1,13,13114,1,21,1,1,4,0.976,1,1
1279,1,13,13110,1,65,2,9,3,1.514,5,3
464,1,6,6117,1,82,2,9,3,0.317,5,1
485,2,6,6301,2,55,4,2,3,0.557,5,2
1519,1,13,13120,1,27,2,2,4,0.535,2,2
1843,2,13,13504,1,46,4,2,2,0.971,4,1
543,1,7,7201,1,76,3,2,4,0.798,5,2
1000,1,10,10101,1,74,4,1,1,0.248,5,2
62,1,2,2101,2,27,3,2,3,0.921,2,1
1864,1,13,13604,2,44,3,9,3,0.562,3,3
905,2,9,9112,2,63,4,9,2,0.329,5,2
1010,2,10,10102,2,39,4,2,2,0.576,3,2
130,1,3,3101,1,67,3,9,2,0.369,5,3
1762,1,13,13201,2,52,4,1,3,0.87,4,2
272,1,5,5108,2,58,3,1,3,0.968,5,2
133,1,3,3202,1,55,2,1,4,0.65,5,1
134,1,3,3202,2,36,3,1,4,0.737,3,3
530,1,7,7102,1,25,4,2,3,0.288,2,2
443,1,6,6106,2,43,3,2,2,0.201,3,2
1350,1,13,13114,2,42,2,9,4,1.017,3,2
974,2,14,14201,2,55,4,2,2,0.921,5,1
829,2,8,8416,2,40,4,9,2,0.785,3,2
1642,1,13,13127,2,72,4,2,3,0.758,5,1
1397,1,13,13115,1,83,4,9,1,0.413,5,1
607,2,7,7408,1,26,4,2,2,0.779,2,1
970,1,14,14107,2,61,4,2,3,1.043,5,2
848,1,9,9101,1,36,4,2,3,0.57,3,2
520,1,7,7101,2,54,4,2,2,0.258,4,1
1761,1,13,13201,2,50,4,1,3,0.87,4,2
788,1,8,8401,2,69,4,2,2,0.684,5,2
314,1,5,5109,2,66,4,1,4,0.353,5,2
969,1,14,14107,2,57,4,2,2,0.348,5,1
879,2,9,9105,2,49,4,2,2,0.195,4,1
894,2,9,9110,1,30,4,2,3,0.974,2,3
365,1,5,5504,2,53,3,2,3,2.658,4,2
877,2,9,9105,2,60,4,2,1,0.565,5,3
1175,1,13,13104,2,61,4,1,2,0.505,5,2
577,2,7,7309,2,36,4,2,2,0.49,3,2
360,1,5,5502,2,53,3,1,2,0.842,4,3
955,1,14,14101,2,29,4,2,3,1.028,2,2
420,1,6,6101,2,74,3,1,2,0.359,5,2
1355,1,13,13114,1,26,1,1,4,0.401,2,1
1773,1,13,13203,2,22,3,1,4,1.506,1,2
542,1,7,7201,2,78,3,2,1,1.619,5,3
462,1,6,6115,2,58,4,2,2,0.399,5,2
1337,1,13,13113,1,45,1,1,4,0.452,4,2
1537,1,13,13121,2,52,3,2,3,1.244,4,2
758,2,8,8301,2,45,4,9,2,0.343,4,2
1326,1,13,13112,2,49,4,2,2,0.718,4,2
403,2,5,5704,2,80,4,2,1,0.126,5,2
375,1,5,5506,2,36,4,1,4,4.805,3,1
973,2,14,14201,2,55,4,2,1,0.46,5,1
488,1,6,6303,2,60,4,2,1,0.53,5,2
1748,1,13,13201,2,23,3,2,4,0.335,1,2
471,2,6,6117,2,73,4,2,2,0.334,5,2
490,1,6,6303,2,57,4,2,1,0.265,5,2
1072,1,11,11202,2,53,5,2,2,0.533,4,2
1155,1,13,13103,2,76,4,2,2,0.23,5,3
1304,1,13,13112,2,66,3,9,2,0.475,5,2
1772,1,13,13203,1,49,3,1,3,1.622,4,2
1057,2,10,10302,2,74,4,2,2,0.373,5,2
206,2,4,4304,2,82,4,2,1,1.013,5,2
397,1,5,5702,2,55,3,2,3,1.979,5,3
496,2,6,6306,2,18,4,2,4,1.326,1,2
1009,2,10,10102,2,59,4,2,1,0.525,5,2
1033,2,10,10205,1,54,5,2,1,0.561,4,2
676,1,8,8107,1,35,3,2,3,0.466,3,2
275,1,5,5108,1,23,3,2,3,1.003,1,1
1658,1,13,13128,1,68,4,1,1,0.335,5,9
825,1,8,8416,2,46,4,9,3,0.478,4,2
61,1,2,2101,2,52,3,2,2,0.235,4,3
1370,1,13,13114,2,45,1,9,4,3.115,4,1
481,2,6,6301,2,57,4,2,3,0.139,5,9
95,1,2,2102,2,57,3,1,2,0.925,5,2
1608,1,13,13124,2,48,4,2,3,0.321,4,2
902,2,9,9112,2,42,4,2,2,0.541,3,2
1063,2,10,10306,2,62,5,2,1,0.439,5,2
1550,1,13,13122,1,71,4,1,1,0.947,5,2
880,2,9,9105,2,50,4,2,3,0.195,4,2
874,1,9,9102,2,81,3,2,3,1.282,5,3
1691,1,13,13130,2,27,2,1,4,1.631,2,2
847,1,9,9101,2,27,3,2,4,0.953,2,3
1771,1,13,13203,1,70,3,1,2,1.742,5,1
378,1,5,5506,2,31,4,2,2,2.538,2,2
967,1,14,14107,2,68,4,2,1,0.695,5,2
1190,1,13,13105,2,37,2,1,4,0.442,3,2
1092,1,12,12401,1,39,3,1,3,0.803,3,1
1338,1,13,13113,1,22,1,1,4,1.912,1,2
881,2,9,9105,2,48,4,2,2,0.391,4,2
892,2,9,9110,1,56,4,2,1,0.799,5,1
494,2,6,6306,1,46,4,2,2,0.501,4,1
876,1,9,9102,2,37,4,9,3,0.477,3,2
280,1,5,5108,1,29,3,1,3,0.975,2,2
394,1,5,5701,1,71,4,2,2,0.558,5,1
1713,1,13,13132,2,35,1,9,4,2.106,3,1
640,1,8,8101,2,43,3,1,4,0.764,3,1
500,1,6,6310,2,41,4,1,3,1.429,3,1
54,1,2,2101,1,39,4,2,3,0.664,3,3
493,2,6,6306,1,23,4,2,3,1.482,1,2
1108,1,13,13101,2,35,3,1,3,0.864,3,2
823,1,8,8416,2,54,5,2,2,0.478,4,2
116,1,3,3101,1,48,5,2,3,2.563,4,2
1867,1,13,13605,1,31,3,1,4,0.377,2,3
873,1,9,9102,2,24,3,2,3,0.728,1,9
1604,1,13,13124,2,42,3,1,4,0.953,3,2
277,1,5,5108,2,47,3,1,3,0.701,4,3
757,2,8,8301,1,39,4,2,3,0.918,3,2
248,1,5,5103,1,60,3,1,3,1.084,5,2
1106,1,13,13101,2,70,3,2,3,0.773,5,2
632,1,8,8101,2,22,4,1,3,0.534,1,2
16,1,15,15101,1,36,3,2,4,0.521,3,2
252,1,5,5103,2,33,3,2,4,1.081,2,2
1032,1,10,10202,1,27,3,2,4,1.254,2,3
921,1,9,9201,1,28,4,2,3,0.809,2,2
79,1,2,2101,1,65,3,2,2,0.118,5,3
840,1,9,9101,1,25,3,2,3,1.045,2,1
459,1,6,6115,1,25,4,2,3,1.252,2,2
141,1,4,4101,2,25,3,2,4,0.643,2,3
150,1,4,4101,2,47,4,2,3,0.441,4,3
629,1,8,8101,1,51,2,1,3,2.744,4,1
283,1,5,5109,2,38,3,9,3,0.445,3,9
619,1,8,8101,1,77,3,1,3,0.299,5,1
1827,1,13,13404,1,29,2,9,4,0.392,2,2
755,1,8,8301,2,49,3,2,3,0.709,4,3
767,1,8,8302,2,82,4,2,2,1.308,5,2
770,1,8,8305,2,21,4,2,4,1.163,1,3
142,1,4,4101,2,25,3,1,4,0.643,2,3
160,1,4,4102,1,45,3,2,3,1.322,4,2
945,1,14,14101,2,43,4,2,2,0.026,3,2
167,1,4,4102,2,74,3,1,3,0.693,5,2
125,1,3,3101,2,33,5,2,2,0.328,2,3
155,1,4,4101,2,25,3,2,4,1.344,2,3
763,1,8,8302,1,19,3,2,3,1.355,1,2
156,1,4,4101,1,49,4,2,3,1.672,4,2
1080,1,12,12101,1,28,4,1,3,1.024,2,2
936,2,9,9204,2,46,4,2,2,0.208,4,1
1788,2,13,13303,2,78,4,2,1,0.757,5,1
114,1,2,2301,2,28,2,2,4,0.646,2,2
1453,1,13,13119,2,37,3,1,4,1.776,3,1
765,1,8,8302,2,78,3,9,2,0.872,5,3
1306,1,13,13112,2,38,4,1,3,0.531,3,1
1485,1,13,13119,1,36,3,1,4,4.413,3,3
66,1,2,2101,1,24,2,1,4,1.455,1,3
463,1,6,6117,2,46,4,9,2,0.161,4,2
779,2,8,8307,2,34,4,2,1,0.497,2,3
623,1,8,8101,1,43,2,1,4,1.205,3,2
1431,1,13,13118,2,19,3,2,3,1.231,1,2
751,1,8,8301,2,20,4,2,4,0.804,1,2
342,2,5,5304,1,56,5,2,2,0.92,5,1
1841,1,13,13501,1,71,4,1,2,0.817,5,1
964,2,14,14103,1,42,4,2,2,0.456,3,3
165,1,4,4102,2,62,3,2,2,0.346,5,3
153,1,4,4101,2,52,3,2,3,0.457,4,2
781,1,8,8312,2,31,4,2,3,2.75,2,1
1285,1,13,13111,2,29,3,2,3,0.943,2,2
1200,1,13,13106,1,24,3,1,4,0.24,1,2
440,1,6,6106,2,41,4,2,3,0.252,3,1
771,1,8,8305,1,32,2,1,4,1.712,2,2
716,1,8,8110,2,62,4,1,2,0.923,5,2
614,1,8,8101,2,52,1,1,4,0.333,4,1
393,1,5,5701,2,69,5,2,2,0.565,5,2
353,1,5,5501,2,52,2,2,3,6.697,4,2
71,1,2,2101,1,70,3,2,3,0.55,5,3
778,2,8,8307,1,67,4,2,1,0.386,5,2
672,1,8,8106,2,55,4,1,2,0.282,5,3
1854,1,13,13601,2,51,3,9,4,0.103,4,3
939,1,9,9211,2,23,4,2,4,1.832,1,1
792,1,8,8401,2,24,3,2,4,0.389,1,2
1125,1,13,13101,1,64,3,1,2,0.261,5,1
996,1,10,10101,2,46,3,2,3,0.823,4,2
145,1,4,4101,1,48,4,2,3,2.151,4,9
1743,1,13,13201,2,39,4,9,3,0.968,3,1
164,1,4,4102,2,51,4,2,3,0.521,4,1
282,1,5,5108,2,71,3,1,2,0.311,5,1
934,2,9,9204,2,39,4,2,3,0.661,3,1
908,2,9,9118,2,35,4,2,3,0.694,3,3
693,1,8,8110,2,63,3,1,3,0.078,5,2
1226,1,13,13108,2,66,5,2,2,0.853,5,2
644,2,8,8101,2,39,4,2,3,0.54,3,2
1628,1,13,13126,1,42,5,2,2,0.359,3,3
773,1,8,8305,2,44,4,9,2,0.609,3,2
663,1,8,8103,2,68,4,2,1,0.849,5,2
1430,1,13,13118,2,20,3,9,3,0.923,1,2
910,2,9,9118,2,23,4,2,3,1.272,1,3
1563,1,13,13122,1,36,4,9,2,0.153,3,3
91,1,2,2102,2,31,3,2,3,0.682,2,3
695,1,8,8110,1,76,4,2,1,0.051,5,2
1593,1,13,13124,2,19,4,2,3,1.086,1,1
293,1,5,5109,2,65,3,1,2,0.239,5,2
157,1,4,4102,1,40,3,1,4,1.429,3,1
1405,1,13,13116,2,63,4,2,2,0.474,5,2
294,1,5,5109,2,67,3,9,2,0.718,5,2
273,1,5,5108,2,42,1,1,4,1.081,3,2
801,1,8,8401,2,22,3,2,3,0.927,1,2
1015,1,10,10109,1,62,4,9,2,0.763,5,1
1071,1,11,11202,1,20,4,1,3,1.101,1,2
952,1,14,14101,1,49,4,2,1,0.739,4,2
421,1,6,6101,2,56,4,1,4,0.703,5,2
451,2,6,6112,2,19,4,2,3,1.325,1,2
720,1,8,8110,1,25,3,2,3,1.086,2,2
1803,1,13,13401,2,25,4,2,3,0.487,2,1
1292,1,13,13111,2,18,3,1,3,1.29,1,3
961,2,14,14103,2,23,4,2,3,1.978,1,2
448,1,6,6109,2,51,4,9,2,0.267,4,2
671,1,8,8106,1,31,4,2,3,0.442,2,2
90,1,2,2101,2,23,3,2,4,2.202,1,2
539,2,7,7106,1,44,4,2,2,0.897,3,3
1068,2,10,10306,1,25,3,2,4,1.274,2,1
691,1,8,8110,1,71,4,1,2,0.051,5,2
1737,1,13,13201,1,19,3,1,3,2.005,1,2
424,1,6,6101,2,53,3,1,2,0.176,4,2
121,1,3,3101,2,45,5,2,3,0.67,4,2
1255,1,13,13110,2,42,2,1,4,1.253,3,2
1145,1,13,13103,2,42,4,1,2,0.551,3,3
863,1,9,9101,2,21,2,2,4,0.163,1,2
694,1,8,8110,1,60,3,1,2,0.051,5,2
552,2,7,7201,1,18,4,2,3,2.067,1,1
822,2,8,8408,2,50,4,9,2,0.41,4,1
907,2,9,9118,2,33,4,2,3,1.292,2,1
851,1,9,9101,2,54,3,2,3,0.324,4,3
159,1,4,4102,2,81,3,1,4,0.36,5,1
909,2,9,9118,1,25,4,2,3,1.223,2,1
58,1,2,2101,1,31,3,2,3,0.659,2,2
1703,1,13,13131,1,69,4,1,2,0.75,5,2
896,1,9,9112,2,24,3,2,4,0.633,1,2
741,1,8,8205,2,66,4,2,2,0.461,5,2
701,1,8,8110,2,27,3,2,3,0.085,2,2
1189,1,13,13105,2,34,2,1,3,0.876,2,2
1407,1,13,13116,1,91,4,1,2,0.467,5,2
1646,1,13,13127,2,31,4,2,4,1.329,2,3
697,1,8,8110,2,71,3,1,3,0.057,5,1
1237,1,13,13109,2,38,2,1,4,1.351,3,2
179,2,4,4106,1,68,4,2,2,0.448,5,2
431,1,6,6101,2,62,3,1,3,2.336,5,3
437,2,6,6104,2,54,4,2,2,0.342,4,3
670,1,8,8106,2,55,4,2,2,0.705,5,2
718,1,8,8110,2,59,4,1,4,0.462,5,2
993,1,10,10101,2,45,3,9,2,0.823,4,2
824,1,8,8416,1,41,4,9,3,0.842,3,1
853,1,9,9101,2,40,2,1,4,3.043,3,2
946,1,14,14101,2,82,4,1,1,0.023,5,1
1850,1,13,13601,2,32,3,9,3,0.101,2,1
352,1,5,5501,2,19,3,1,4,15.183,1,2
1039,1,10,10301,2,71,3,1,2,1.373,5,2
728,1,8,8202,2,63,4,1,2,0.311,5,3
304,1,5,5109,2,33,3,9,4,0.904,2,1
1704,1,13,13131,1,40,4,1,3,0.671,3,1
501,1,6,6310,1,34,4,2,4,1.338,2,3
1144,1,13,13103,2,22,4,1,4,1.472,1,2
662,1,8,8103,1,42,4,1,3,1.685,3,2
783,1,8,8312,1,57,3,1,2,0.919,5,2
1018,1,10,10109,1,37,5,9,2,0.341,3,3
1760,1,13,13201,1,18,3,1,3,2.248,1,2
768,1,8,8302,2,48,3,2,4,0.656,4,1
1004,1,10,10102,1,42,4,2,3,0.522,3,2
1183,1,13,13105,1,52,3,2,3,1.148,4,1
714,1,8,8110,1,21,3,1,3,1.343,1,2
1489,1,13,13119,2,45,3,1,4,0.842,4,2
821,2,8,8408,2,60,4,9,2,0.593,5,3
1025,2,10,10109,1,25,4,9,2,0.491,2,3
67,1,2,2101,2,28,3,2,4,0.823,2,3
89,1,2,2101,2,43,3,1,4,1.923,3,3
168,1,4,4102,2,75,4,2,2,0.346,5,2
461,1,6,6115,2,28,3,2,3,3.532,2,3
1415,1,13,13116,2,52,3,1,3,0.615,4,1
752,1,8,8301,2,54,3,2,2,0.709,4,2
154,1,4,4101,2,22,3,2,3,1.035,1,1
234,1,5,5101,2,22,2,2,4,0.844,1,2
1231,1,13,13109,1,60,4,2,3,0.393,5,1
1463,1,13,13119,1,59,4,2,3,1.961,5,2
769,1,8,8305,2,43,4,2,2,0.609,3,1
705,1,8,8110,2,41,2,1,4,0.605,3,2
669,1,8,8106,1,23,4,1,2,1.314,1,1
170,1,4,4102,1,24,4,2,4,1.371,1,2
774,1,8,8305,2,34,4,2,3,0.805,2,1
308,1,5,5109,1,25,2,2,4,2.794,2,2
407,2,5,5704,1,24,4,2,2,0.636,1,3
188,1,4,4301,2,80,4,2,1,0.799,5,1
661,1,8,8103,2,56,4,2,3,1.273,5,2
338,2,5,5304,1,33,4,2,2,2.243,2,3
567,1,7,7304,2,81,4,2,1,0.607,5,3
169,1,4,4102,2,24,4,2,4,0.751,1,3
935,2,9,9204,2,39,4,2,2,0.991,3,2
605,1,7,7405,2,60,4,2,2,0.786,5,3
92,1,2,2102,2,21,3,2,3,0.394,1,3
56,1,2,2101,2,71,3,1,3,1.26,5,2
925,1,9,9203,1,42,4,2,2,1.841,3,2
152,1,4,4101,2,62,3,2,3,0.304,5,9
1683,1,13,13129,1,40,4,1,3,0.767,3,2
820,2,8,8408,1,62,4,9,2,0.47,5,3
531,1,7,7102,1,68,4,2,2,0.181,5,2
1702,1,13,13131,2,64,4,2,2,0.253,5,3
915,1,9,9119,2,68,3,2,3,0.503,5,3
1849,1,13,13601,2,51,4,2,3,0.077,4,2
844,1,9,9101,1,32,3,1,4,1.143,2,1
784,1,8,8312,2,44,4,2,3,1.562,3,2
1462,1,13,13119,2,23,4,2,4,0.847,1,3
39,1,1,1101,2,22,3,2,4,1.518,1,1
178,2,4,4106,2,54,4,2,2,0.391,4,3
1700,1,13,13131,2,63,4,2,2,0.253,5,3
1818,1,13,13401,1,20,3,1,3,0.951,1,2
1143,1,13,13103,1,57,4,2,2,0.487,5,3
434,2,6,6104,2,55,4,2,2,0.66,5,3
1138,1,13,13102,2,46,4,1,3,2.662,4,1
680,1,8,8108,1,27,4,2,3,0.665,2,2
1515,1,13,13120,1,38,1,1,4,2.507,3,2
754,1,8,8301,2,59,4,9,2,1.414,5,2
668,1,8,8106,2,60,4,2,3,0.564,5,2
259,1,5,5106,2,19,3,2,3,0.718,1,3
1666,1,13,13128,2,50,4,1,2,0.518,4,2
732,1,8,8202,2,59,4,2,2,0.623,5,3
762,2,8,8301,2,45,4,2,2,0.686,4,2
660,1,8,8102,2,59,3,1,2,0.891,5,2
171,1,4,4102,1,27,3,1,3,1.844,2,2
1322,1,13,13112,2,22,4,2,3,1.085,1,2
40,1,1,1101,1,44,3,1,3,2.357,3,1
1756,1,13,13201,1,42,3,1,4,1.496,3,2
645,2,8,8101,2,32,4,2,2,2.01,2,2
1846,2,13,13504,1,20,3,9,4,1.077,1,3
537,2,7,7106,2,38,4,2,2,0.531,3,2
749,1,8,8301,2,44,3,2,3,0.256,3,1
690,1,8,8108,2,69,3,1,3,0.763,5,1
1411,1,13,13116,2,32,3,1,4,0.804,2,3
589,1,7,7401,1,46,4,9,3,1.667,4,2
1687,1,13,13130,1,26,2,1,4,1.301,2,2
972,1,14,14107,2,47,4,2,3,0.523,4,2
238,1,5,5101,2,68,4,2,3,1.039,5,1
819,2,8,8408,2,49,4,9,4,0.41,4,1
82,1,2,2101,1,27,4,2,3,0.376,2,1
790,1,8,8401,1,20,3,1,3,1.064,1,1
978,2,14,14201,2,35,4,2,2,0.757,3,1
231,1,5,5101,1,32,2,2,4,1.552,2,2
433,2,6,6104,2,35,4,2,3,0.271,3,2
932,2,9,9204,1,78,4,2,1,1.433,5,2
679,1,8,8108,2,25,4,1,4,0.938,2,2
1137,1,13,13102,1,71,2,1,4,0.698,5,3
1187,1,13,13105,1,18,3,1,3,2.917,1,2
1065,2,10,10306,2,25,5,2,2,1.346,2,2
172,1,4,4102,2,54,3,2,3,0.663,4,2
776,2,8,8307,2,41,4,2,3,0.267,3,2
46,1,1,1101,2,54,4,2,3,0.981,4,1
667,1,8,8106,1,81,5,2,2,0.139,5,2
1872,1,13,13605,2,40,4,2,2,0.179,3,3
1310,1,13,13112,1,56,4,1,3,0.201,5,2
1019,1,10,10109,2,71,3,9,2,0.773,5,1
1323,1,13,13112,2,40,4,9,2,1.066,3,3
347,1,5,5402,1,27,2,2,4,3.193,2,1
1816,1,13,13401,1,34,4,2,2,0.411,2,2
1566,1,13,13122,1,39,2,1,4,0.23,3,2
176,2,4,4106,2,31,4,2,3,1.733,2,3
143,1,4,4101,2,66,3,9,3,0.872,5,2
818,2,8,8408,2,58,5,2,2,0.593,5,2
608,2,7,7408,2,67,4,2,1,0.537,5,2
830,2,8,8416,2,50,4,9,2,0.496,4,1
593,1,7,7401,1,22,2,2,4,1.411,1,1
174,1,4,4102,1,55,3,2,3,0.58,5,2
523,1,7,7101,1,56,3,2,4,0.015,5,2
759,2,8,8301,1,51,4,2,2,0.847,4,2
979,1,14,14202,1,19,4,2,4,1.018,1,3
1435,1,13,13118,1,28,5,9,3,2.222,2,2
1844,2,13,13504,2,44,4,2,2,0.467,3,2
404,2,5,5704,1,39,4,2,3,0.35,3,2
85,1,2,2101,2,35,3,2,4,1.923,3,2
764,1,8,8302,2,50,4,2,2,0.983,4,2
60,1,2,2101,2,65,3,2,2,0.84,5,3
1309,1,13,13112,1,89,4,1,1,0.267,5,2
919,1,9,9201,1,46,4,2,3,1.42,4,1
702,1,8,8110,2,29,4,2,3,0.085,2,2
498,2,6,6306,2,52,4,2,4,0.152,4,1
491,1,6,6303,2,30,4,2,4,1.564,2,2
161,1,4,4102,1,25,3,2,4,1.694,2,3
1379,1,13,13114,1,21,3,9,3,1.099,1,1
1606,1,13,13124,1,42,3,1,4,1.128,3,3
140,1,4,4101,2,83,3,2,3,0.872,5,1
780,2,8,8307,1,44,4,2,2,0.901,3,3
817,2,8,8408,1,59,4,2,2,0.941,5,2
565,1,7,7304,1,23,3,2,3,1.415,1,2
1209,1,13,13106,1,70,4,1,2,1.83,5,9
689,1,8,8108,2,37,2,1,4,0.568,3,1
1192,1,13,13105,2,65,2,1,2,0.396,5,1
631,1,8,8101,1,22,4,1,3,2.434,1,1
807,2,8,8401,1,54,3,2,2,0.802,4,1
173,1,4,4102,1,22,3,1,4,2.284,1,2
1179,1,13,13105,2,37,2,1,4,1.481,3,2
151,1,4,4101,2,52,3,1,3,1.142,4,2
1356,1,13,13114,2,36,1,1,4,0.858,3,1
535,2,7,7106,1,28,4,2,3,1.872,2,2
51,1,2,2101,2,56,4,9,2,1.003,5,2
256,1,5,5106,2,35,4,2,3,1.411,3,3
331,1,5,5301,2,39,3,1,3,1.326,3,2
1813,1,13,13401,1,20,3,9,3,0.136,1,2
1088,1,12,12401,2,37,3,1,4,1.017,3,2
586,1,7,7401,1,23,3,2,3,2.136,1,1
541,1,7,7201,2,49,3,2,3,2.435,4,1
901,2,9,9112,1,52,4,2,2,0.562,4,9
193,2,4,4301,1,82,5,2,2,0.669,5,1
278,1,5,5108,1,47,4,2,3,2.283,4,2
805,2,8,8401,1,46,4,2,2,0.535,4,2
882,2,9,9105,1,55,4,2,2,0.448,5,9
637,1,8,8101,2,62,3,1,1,1.025,5,1
182,1,4,4201,1,62,3,2,4,0.535,5,3
1139,1,13,13102,2,68,3,2,2,1.062,5,3
1197,1,13,13106,2,30,4,2,3,0.228,2,2
941,1,9,9211,2,29,4,2,4,1.586,2,1
251,1,5,5103,1,31,3,1,3,1.15,2,2
954,1,14,14101,1,43,4,2,3,0.532,3,2
361,1,5,5504,1,51,3,1,3,2.595,4,1
147,1,4,4101,1,56,5,2,3,0.578,5,2
354,1,5,5501,1,66,2,1,4,17.563,5,1
1509,1,13,13120,1,36,3,1,3,2.08,3,3
458,1,6,6115,2,33,3,1,3,1.177,2,2
1637,1,13,13126,2,22,4,2,3,1.994,1,2
1120,1,13,13101,2,22,3,1,4,0.623,1,2
478,1,6,6301,1,29,4,2,3,1.578,2,2
869,2,9,9101,2,24,4,2,2,1.028,1,2
1123,1,13,13101,1,40,3,1,4,0.701,3,1
1807,1,13,13401,2,21,1,9,4,0.518,1,3
7,1,15,15101,2,18,4,2,4,0.716,1,2
1721,1,13,13201,1,52,4,1,4,0.271,4,2
442,1,6,6106,1,25,3,2,3,0.141,2,1
1119,1,13,13101,2,72,3,1,3,0.244,5,1
942,1,9,9211,2,85,4,9,1,0.537,5,2
29,1,1,1101,2,23,3,1,4,0.784,1,2
1681,1,13,13129,1,21,3,9,4,0.676,1,1
1742,1,13,13201,1,18,4,9,3,2.021,1,1
1834,2,13,13404,1,47,3,2,2,0.517,4,2
1049,1,10,10301,1,36,2,1,4,1.186,3,2
729,1,8,8202,1,26,4,1,3,1.465,2,2
553,1,7,7301,2,21,4,2,3,0.924,1,2
606,1,7,7405,2,82,3,2,2,0.786,5,3
1312,1,13,13112,2,34,4,1,3,0.3,2,1
1070,1,11,11202,1,43,3,2,3,0.937,3,2
724,1,8,8111,2,25,3,1,3,0.749,2,1
499,1,6,6310,2,32,4,9,4,2.516,2,1
33,1,1,1101,1,41,3,1,4,1.714,3,2
1804,1,13,13401,2,49,4,2,2,0.496,4,2
1565,1,13,13122,2,39,3,2,3,0.13,3,1
1780,1,13,13301,2,50,4,9,3,0.73,4,2
1701,1,13,13131,1,33,4,2,2,1.59,2,3
57,1,2,2101,2,52,3,1,4,0.948,4,2
1128,1,13,13101,2,50,3,1,4,0.796,4,3
106,1,2,2201,2,45,3,9,3,10.18,4,2
518,1,7,7101,1,69,4,2,2,0.676,5,3
1173,1,13,13104,2,71,4,2,1,0.505,5,2
1801,1,13,13401,2,62,4,2,2,0.66,5,2
1847,2,13,13504,1,22,3,2,4,0.718,1,3
722,1,8,8111,2,42,4,1,2,1.134,3,2
198,2,4,4301,2,42,4,9,2,1.387,3,2
87,1,2,2101,2,32,3,1,3,2.54,2,2
833,2,8,8416,1,35,4,9,2,0.884,3,1
1220,1,13,13107,2,80,4,1,2,0.016,5,1
318,1,5,5109,2,22,4,2,4,0.901,1,1
427,1,6,6101,1,32,2,2,4,1.832,2,3
162,1,4,4102,2,23,3,2,4,0.614,1,2
1056,1,10,10301,1,18,3,2,3,2.788,1,1
522,1,7,7101,1,67,4,2,1,1.013,5,2
1655,1,13,13127,2,23,3,2,4,1.151,1,2
735,2,8,8203,2,40,4,2,3,0.25,3,2
1605,1,13,13124,2,29,4,1,4,0.629,2,2
469,2,6,6117,1,19,4,2,3,1.688,1,1
1755,1,13,13201,2,21,3,1,3,1.205,1,2
1845,2,13,13504,2,24,4,2,2,0.428,1,1
655,1,8,8102,2,50,3,1,4,1.005,4,2
1821,1,13,13402,1,19,3,2,3,1.052,1,2
1172,1,13,13104,2,32,3,2,3,0.745,2,2
1665,1,13,13128,1,19,4,1,3,2.497,1,2
329,1,5,5201,1,58,3,9,3,0.102,5,1
643,2,8,8101,2,30,4,2,3,4.02,2,2
1289,1,13,13111,2,32,4,9,3,0.943,2,2
1286,1,13,13111,2,32,4,9,3,0.943,2,2
175,2,4,4106,1,71,4,2,2,0.448,5,3
639,1,8,8101,1,58,3,1,3,0.674,5,1
1623,1,13,13125,2,23,4,2,3,1.065,1,2
110,1,2,2301,2,21,3,2,3,0.933,1,2
472,2,6,6117,2,51,4,9,2,0.693,4,2
1777,1,13,13301,2,23,4,2,4,0.414,1,1
904,2,9,9112,2,42,4,2,3,1.082,3,2
826,1,8,8416,2,38,3,9,3,2.132,3,1
474,2,6,6117,2,20,4,9,3,1.007,1,2
1363,1,13,13114,1,78,1,1,4,1.238,5,1
893,2,9,9110,1,33,3,2,2,0.974,2,3
144,1,4,4101,2,35,3,9,4,0.487,3,2
333,1,5,5301,2,34,3,2,3,1.168,2,1
1587,1,13,13123,1,28,1,1,4,1.647,2,2
1105,1,13,13101,1,37,3,1,3,1.023,3,3
123,1,3,3101,2,42,5,2,3,0.497,3,9
684,1,8,8108,1,68,4,2,2,0.836,5,2
920,1,9,9201,1,33,4,2,3,0.404,2,2
21,1,15,15101,2,20,3,1,3,0.771,1,3
332,1,5,5301,2,68,3,1,3,0.792,5,2
78,1,2,2101,1,33,2,2,3,0.665,2,3
654,1,8,8102,2,21,3,1,4,1.186,1,2
1109,1,13,13101,2,43,3,9,3,0.432,3,2
1101,1,13,13101,2,29,2,1,4,1.083,2,2
334,1,5,5301,1,43,3,1,3,1.047,3,2
24,1,15,15101,2,27,3,2,3,1.333,2,3
791,1,8,8401,1,21,4,2,3,1.064,1,2
1426,1,13,13117,1,18,4,1,3,1.11,1,2
100,1,2,2201,2,26,3,2,4,1.752,2,3
1677,1,13,13129,1,25,4,1,4,0.648,2,2
439,1,6,6106,1,56,3,2,3,0.089,5,1
1160,1,13,13104,1,53,3,1,3,2.23,4,2
1802,1,13,13401,1,23,4,2,3,1.026,1,2
1729,1,13,13201,2,21,3,1,3,0.909,1,9
285,1,5,5109,1,23,3,9,4,0.928,1,2
1512,1,13,13120,1,29,3,2,3,0.986,2,1
1239,1,13,13109,2,50,3,2,4,0.682,4,1
1786,2,13,13303,2,57,4,2,3,0.151,5,9
249,1,5,5103,1,50,4,1,2,2.019,4,2
885,1,9,9109,2,26,4,2,3,0.657,2,1
1378,1,13,13114,1,34,3,1,3,1.109,2,1
305,1,5,5109,2,38,3,9,4,0.685,3,1
1251,1,13,13110,1,36,3,1,3,1.263,3,2
677,1,8,8107,1,32,4,2,2,1.106,2,2
703,1,8,8110,1,32,3,1,4,0.85,2,2
27,1,1,1101,1,29,4,1,3,1.923,2,2
1820,1,13,13402,2,26,3,2,3,0.499,2,2
1367,1,13,13114,2,67,2,1,4,0.628,5,1
575,2,7,7304,2,63,4,2,2,0.295,5,3
9,1,15,15101,1,36,5,1,5,1.668,3,1
1334,1,13,13113,2,18,1,1,3,0.629,1,2
710,1,8,8110,2,47,3,9,4,0.325,4,2
504,1,6,6310,1,29,5,2,2,1.338,2,2
1272,1,13,13110,2,26,3,2,3,1.892,2,3
1829,1,13,13404,1,53,4,1,2,0.229,4,2
1785,2,13,13303,2,38,4,2,2,0.498,3,3
81,1,2,2101,2,24,4,1,2,0.409,1,1
38,1,1,1101,2,22,4,1,3,1.898,1,1
1547,1,13,13122,2,21,1,1,4,1.402,1,3
1102,1,13,13101,2,24,2,2,4,0.626,1,3
1296,1,13,13111,2,45,3,1,4,0.683,4,9
1191,1,13,13105,2,27,2,1,4,1.168,2,1
218,1,5,5101,1,70,4,2,2,1.756,5,3
1249,1,13,13110,2,59,4,2,2,1.272,5,2
371,2,5,5504,1,52,4,2,2,1.021,4,1
1048,1,10,10301,1,39,4,2,4,1.186,3,1
290,1,5,5109,2,21,3,9,3,1.02,1,3
199,1,4,4302,2,27,4,2,2,2.469,2,2
1805,1,13,13401,2,26,4,9,2,0.487,2,2
989,1,10,10101,1,28,2,2,4,1.809,2,2
319,1,5,5109,1,43,3,1,4,0.972,3,2
512,1,7,7101,2,34,3,1,3,0.511,2,3
189,1,4,4301,1,42,4,2,3,3.173,3,2
1448,1,13,13119,2,21,4,2,4,1.518,1,1
50,1,2,2101,2,83,4,2,2,0.753,5,3
634,1,8,8101,1,25,4,1,3,1.474,2,2
948,1,14,14101,2,26,4,2,2,0.069,2,2
101,1,2,2201,2,56,2,1,4,1.187,5,1
356,1,5,5502,2,94,3,2,2,1.12,5,3
990,1,10,10101,1,50,2,2,4,3.175,4,1
486,2,6,6301,2,34,4,2,3,1.28,2,3
867,2,9,9101,2,30,4,2,3,0.522,2,3
646,2,8,8101,1,31,4,2,4,1.903,2,2
1224,1,13,13107,2,42,4,2,2,0.035,3,2
1261,1,13,13110,2,25,4,2,3,1.885,2,2
1164,1,13,13104,1,37,3,1,3,1.607,3,1
1670,1,13,13128,1,29,4,1,2,1.133,2,2
1447,1,13,13119,1,32,4,2,3,1.397,2,2
281,1,5,5108,1,34,4,2,3,0.488,2,1
268,1,5,5107,2,90,3,2,1,0.807,5,3
435,2,6,6104,1,73,4,2,1,0.785,5,1
1419,1,13,13117,2,33,5,2,3,0.613,2,2
685,1,8,8108,2,64,2,1,3,0.508,5,1
1554,1,13,13122,2,77,3,1,4,1.281,5,9
400,1,5,5702,2,36,5,2,2,1.658,3,2
584,1,7,7401,2,31,4,9,4,1.351,2,2
1555,1,13,13122,2,28,4,1,3,4.472,2,9
551,2,7,7201,1,18,4,2,3,3.618,1,1
1825,1,13,13404,2,56,2,9,3,0.25,5,3
209,2,4,4304,1,25,4,9,4,2.936,2,9
1597,1,13,13124,2,19,4,1,4,0.912,1,2
651,1,8,8102,2,26,3,1,4,2.463,2,2
324,1,5,5109,2,72,3,1,3,0.735,5,2
1146,1,13,13103,1,29,4,1,3,1.161,2,1
1427,1,13,13117,1,22,4,2,3,0.74,1,1
1023,2,10,10109,1,75,5,2,2,1.209,5,1
135,1,3,3202,1,18,3,1,1,2.564,1,9
1182,1,13,13105,2,18,4,1,3,1.413,1,3
1299,1,13,13111,2,36,3,1,3,1.224,3,2
1287,1,13,13111,1,55,4,2,3,0.315,5,2
566,1,7,7304,2,54,4,2,2,0.228,4,1
1437,1,13,13118,2,48,3,9,3,0.426,4,1
745,1,8,8301,2,26,3,1,3,1.352,2,1
1459,1,13,13119,2,50,4,1,1,0.997,4,2
1476,1,13,13119,1,46,4,2,3,2.725,4,2
1664,1,13,13128,1,18,4,1,3,1.07,1,2
17,1,15,15101,1,20,4,2,3,1.837,1,2
1132,1,13,13101,2,36,4,1,2,1.29,3,2
721,1,8,8111,2,18,4,2,3,0.866,1,2
279,1,5,5108,2,22,4,1,3,1.59,1,2
1733,1,13,13201,2,34,3,1,3,0.787,2,2
484,2,6,6301,1,21,4,2,3,0.704,1,1
492,1,6,6303,1,20,4,2,3,1.236,1,1
591,1,7,7401,2,30,4,9,3,0.67,2,3
1502,1,13,13120,2,19,3,2,3,1.898,1,1
596,2,7,7404,2,24,4,2,2,1.293,1,2
1,1,15,15101,1,20,4,2,4,0.865,1,1
1633,1,13,13126,2,28,4,2,3,2.3,2,2
559,1,7,7301,1,24,4,1,3,1.697,1,2
274,1,5,5108,2,28,3,2,3,0.952,2,2
44,1,1,1101,1,18,3,2,3,1.352,1,3
1869,1,13,13605,2,45,4,1,2,0.241,4,9
1035,2,10,10205,1,29,4,2,2,0.952,2,3
1723,1,13,13201,2,29,3,2,4,2.027,2,1
495,2,6,6306,1,27,4,2,3,0.85,2,1
1129,1,13,13101,2,33,4,2,3,1.704,2,3
878,2,9,9105,2,71,4,2,1,0.377,5,1
1377,1,13,13114,2,68,2,1,2,0.884,5,3
1727,1,13,13201,2,26,3,1,4,4.055,2,9
1730,1,13,13201,1,32,4,2,3,2.091,2,3
181,1,4,4201,2,26,2,1,4,1.202,2,1
205,2,4,4304,1,22,4,2,3,2.558,1,2
1798,1,13,13401,2,54,2,1,4,1.005,4,2
872,1,9,9102,2,37,4,2,2,1.432,3,1
186,1,4,4201,2,38,1,2,4,0.607,3,2
163,1,4,4102,1,30,3,1,4,1.63,2,3
184,1,4,4201,2,40,2,2,4,0.607,3,3
1321,1,13,13112,1,49,4,2,1,0.584,4,2
1274,1,13,13110,2,23,3,9,3,1.265,1,2
888,1,9,9109,2,64,4,2,2,0.891,5,3
1311,1,13,13112,2,69,3,9,3,0.068,5,2
1726,1,13,13201,2,28,3,9,4,4.055,2,2
1276,1,13,13110,1,26,3,1,3,1.552,2,9
692,1,8,8110,1,58,3,2,2,0.051,5,1
1768,1,13,13201,1,19,2,1,3,0.863,1,1
1842,1,13,13501,2,53,4,1,3,0.374,4,3
1660,1,13,13128,2,18,3,2,3,0.435,1,1
1736,1,13,13201,2,40,3,9,3,0.961,3,3
1853,1,13,13601,1,18,3,1,3,0.212,1,3
570,1,7,7304,2,68,3,1,2,0.607,5,1
1320,1,13,13112,2,68,4,9,2,0.297,5,2
137,1,3,3202,1,23,3,1,2,1.538,1,3
180,2,4,4106,1,43,4,2,3,2.095,3,2
200,1,4,4302,2,52,2,9,4,0.629,4,1
1738,1,13,13201,2,48,3,1,3,0.647,4,2
1497,1,13,13120,2,18,2,1,3,0.086,1,2
1776,1,13,13203,1,49,4,2,1,0.811,4,2
1042,1,10,10301,2,38,3,1,4,1.023,3,2
1483,1,13,13119,2,48,3,1,3,0.502,4,2
415,1,6,6101,2,33,2,9,4,1.058,2,3
744,1,8,8205,1,37,4,2,3,1.22,3,2
1510,1,13,13120,1,74,3,9,3,0.62,5,2
846,1,9,9101,2,82,4,2,2,0.243,5,3
1775,1,13,13203,1,37,2,1,4,1.754,3,2
1487,1,13,13119,1,29,3,1,3,2.093,2,3
1735,1,13,13201,2,41,3,1,2,0.961,3,2
568,1,7,7304,1,60,4,9,3,0.598,5,1
682,1,8,8108,2,63,4,1,3,0.424,5,2
1273,1,13,13110,2,21,3,1,2,0.844,1,2
1725,1,13,13201,2,32,3,1,4,2.027,2,2
284,1,5,5109,2,75,3,9,2,0.398,5,2
1784,2,13,13303,2,64,4,2,1,0.606,5,2
1223,1,13,13107,2,51,4,2,1,0.036,4,9
1317,1,13,13112,2,43,3,9,4,0.663,3,1
1247,1,13,13110,2,26,3,9,4,1.483,2,2
460,1,6,6115,2,32,4,1,3,1.177,2,3
743,1,8,8205,1,80,4,1,2,0.455,5,1
210,2,4,4304,2,46,4,2,2,1.576,4,3
126,1,3,3101,1,21,5,2,2,1.038,1,2
119,1,3,3101,2,37,3,1,4,1.17,3,1
991,1,10,10101,2,56,3,1,3,0.729,5,3
734,2,8,8203,1,37,4,2,2,0.845,3,2
204,1,4,4302,2,32,4,2,2,1.235,2,3
148,1,4,4101,1,22,4,1,4,2.733,1,3
1496,1,13,13120,2,52,2,9,4,0.051,4,1
1301,1,13,13111,1,46,3,9,4,2.683,4,9
1495,1,13,13120,2,31,2,9,4,0.149,2,9
2,1,15,15101,2,64,3,2,1,0.278,5,3
1731,1,13,13201,2,34,3,9,3,0.787,2,2
928,1,9,9203,1,60,2,1,4,1.83,5,2
1141,1,13,13103,2,59,4,9,3,0.74,5,3
609,2,7,7408,2,66,4,2,3,0.134,5,2
1460,1,13,13119,1,43,4,1,3,1.315,3,2
1316,1,13,13112,1,34,3,9,3,0.931,2,9
1036,2,10,10205,2,27,4,2,3,2.01,2,2
477,1,6,6301,2,31,4,2,4,1.484,2,2
177,2,4,4106,1,22,4,2,3,0.953,1,3
1307,1,13,13112,2,83,3,1,2,0.237,5,2
1150,1,13,13103,2,67,4,2,2,0.801,5,2
1732,1,13,13201,1,22,4,2,4,0.829,1,2
124,1,3,3101,1,28,5,2,3,0.698,2,9
841,1,9,9101,2,23,3,2,3,0.414,1,2
482,2,6,6301,2,23,4,2,3,1.26,1,3
536,2,7,7106,1,45,4,2,2,0.552,4,1
37,1,1,1101,2,41,4,2,3,1.492,3,2
1147,1,13,13103,2,24,4,2,2,0.455,1,2
1315,1,13,13112,1,53,3,1,3,1.635,4,1
1277,1,13,13110,2,39,3,2,3,1.105,3,2
1149,1,13,13103,1,63,4,2,2,1.053,5,2
571,2,7,7304,2,42,4,2,2,0.486,3,1
1669,1,13,13128,2,26,4,1,4,1.065,2,2
1498,1,13,13120,2,47,2,9,4,0.177,4,2
1473,1,13,13119,1,35,3,1,3,1.309,3,3
1793,1,13,13401,2,74,3,9,3,2.19,5,2
1868,1,13,13605,2,65,4,2,1,0.16,5,2
1135,1,13,13102,1,45,2,1,4,1.3,4,1
1268,1,13,13110,1,38,4,1,3,2.263,3,2
1759,1,13,13201,2,24,4,2,3,0.986,1,2
760,2,8,8301,2,32,4,2,2,0.506,2,3
875,1,9,9102,2,65,4,2,1,0.427,5,1
891,2,9,9110,1,18,4,2,3,1.698,1,3
395,1,5,5701,2,49,4,2,2,0.425,4,2
889,2,9,9110,2,19,4,2,3,1.519,1,3
